{
  "LK": {
    "MA1": 1.1733037754071163E18,
    "MA2": 1.1733037754071163E18,
    "PH1": 1.1733037754071163E18,
    "CH1": 1.1733037754071163E18,
    "BI1": 1.1733037754071163E18,
    "BI2": 1.1733037754071163E18
  },
  "GKNaturwissenschaften": {},
  "GKSprache": {},
  "GKGesellschaft": {},
  "GKKünstlerisch": {},
  "GKSport": {},
  "SF": {
    "SF5": 1.1733037754071163E18,
    "SF4": 1.1733037754071163E18,
    "SF3": 1.1733037754071163E18,
    "SF2": 1.1733037754071163E18,
    "SF1": 1173303775407116288
  }
}